Price,Close,High,Low,Open,Volume
Ticker,NDX,NDX,NDX,NDX,NDX
Date,,,,,
2020-10-02,11255.6904296875,11255.6904296875,11255.6904296875,11255.6904296875,0
2020-10-05,11509.0595703125,11509.0595703125,11509.0595703125,11509.0595703125,0
2020-10-06,11291.26953125,11291.26953125,11291.26953125,11291.26953125,0
2020-10-07,11503.1904296875,11503.1904296875,11503.1904296875,11503.1904296875,0
2020-10-08,11550.9404296875,11550.9404296875,11550.9404296875,11550.9404296875,0
2020-10-09,11725.849609375,11725.849609375,11725.849609375,11725.849609375,0
2020-10-12,12088.1103515625,12088.1103515625,12088.1103515625,12088.1103515625,0
2020-10-13,12083.169921875,12083.169921875,12083.169921875,12083.169921875,0
2020-10-14,11985.3603515625,11985.3603515625,11985.3603515625,11985.3603515625,0
2020-10-15,11898.5703125,11898.5703125,11898.5703125,11898.5703125,0
2020-10-16,11852.169921875,11852.169921875,11852.169921875,11852.169921875,0
2020-10-19,11634.349609375,11634.349609375,11634.349609375,11634.349609375,0
2020-10-20,11677.83984375,11677.83984375,11677.83984375,11677.83984375,0
2020-10-21,11665.3701171875,11665.3701171875,11665.3701171875,11665.3701171875,0
2020-10-22,11662.91015625,11662.91015625,11662.91015625,11662.91015625,0
2020-10-23,11692.5703125,11692.5703125,11692.5703125,11692.5703125,0
2020-10-26,11504.51953125,11504.51953125,11504.51953125,11504.51953125,0
2020-10-27,11598.9501953125,11598.9501953125,11598.9501953125,11598.9501953125,0
2020-10-29,11350.740234375,11350.740234375,11350.740234375,11350.740234375,0
2020-10-30,11052.9501953125,11052.9501953125,11052.9501953125,11052.9501953125,0
2020-11-02,11084.759765625,11084.759765625,11084.759765625,11084.759765625,0
2020-11-03,11279.91015625,11279.91015625,11279.91015625,11279.91015625,0
2020-11-04,11777.01953125,11777.01953125,11777.01953125,11777.01953125,0
2020-11-05,12078.0703125,12078.0703125,12078.0703125,12078.0703125,0
2020-11-06,12091.349609375,12091.349609375,12091.349609375,12091.349609375,0
2020-11-09,11830.3896484375,11830.3896484375,11830.3896484375,11830.3896484375,0
2020-11-10,11624.2900390625,11624.2900390625,11624.2900390625,11624.2900390625,0
2020-11-11,11892.9296875,11892.9296875,11892.9296875,11892.9296875,0
2020-11-12,11827.1396484375,11827.1396484375,11827.1396484375,11827.1396484375,0
2020-11-13,11937.83984375,11937.83984375,11937.83984375,11937.83984375,0
2020-11-16,12013.3798828125,12013.3798828125,12013.3798828125,12013.3798828125,0
2020-11-17,11977.490234375,11977.490234375,11977.490234375,11977.490234375,0
2020-11-18,11894.7099609375,11894.7099609375,11894.7099609375,11894.7099609375,0
2020-11-19,11985.4296875,11985.4296875,11985.4296875,11985.4296875,0
2020-11-20,11906.4404296875,11906.4404296875,11906.4404296875,11906.4404296875,0
2020-11-23,11905.9404296875,11905.9404296875,11905.9404296875,11905.9404296875,0
2020-11-24,12079.8095703125,12079.8095703125,12079.8095703125,12079.8095703125,0
2020-11-27,12258.2099609375,12258.2099609375,12258.2099609375,12258.2099609375,0
2020-11-30,12268.3203125,12268.3203125,12268.3203125,12268.3203125,0
2020-12-01,12455.330078125,12455.330078125,12455.330078125,12455.330078125,0
2020-12-02,12456.41015625,12456.41015625,12456.41015625,12456.41015625,0
2020-12-03,12467.1298828125,12467.1298828125,12467.1298828125,12467.1298828125,0
2020-12-04,12528.48046875,12528.48046875,12528.48046875,12528.48046875,0
2020-12-07,12596.4697265625,12596.4697265625,12596.4697265625,12596.4697265625,0
2020-12-08,12635.7197265625,12635.7197265625,12635.7197265625,12635.7197265625,0
2020-12-09,12364.6396484375,12364.6396484375,12364.6396484375,12364.6396484375,0
2020-12-10,12401.740234375,12401.740234375,12401.740234375,12401.740234375,0
2020-12-11,12375.41015625,12375.41015625,12375.41015625,12375.41015625,0
2020-12-14,12462.2099609375,12462.2099609375,12462.2099609375,12462.2099609375,0
2020-12-15,12595.919921875,12595.919921875,12595.919921875,12595.919921875,0
2020-12-16,12668.16015625,12668.16015625,12668.16015625,12668.16015625,0
2020-12-17,12752.0595703125,12752.0595703125,12752.0595703125,12752.0595703125,0
2020-12-18,12738.1796875,12738.1796875,12738.1796875,12738.1796875,0
2020-12-21,12690.259765625,12690.259765625,12690.259765625,12690.259765625,0
2020-12-22,12717.5595703125,12717.5595703125,12717.5595703125,12717.5595703125,0
2020-12-24,12711.009765625,12711.009765625,12711.009765625,12711.009765625,0
2020-12-28,12838.8603515625,12838.8603515625,12838.8603515625,12838.8603515625,0
2020-12-29,12843.490234375,12843.490234375,12843.490234375,12843.490234375,0
2020-12-30,12845.3603515625,12845.3603515625,12845.3603515625,12845.3603515625,0
2020-12-31,12888.2802734375,12888.2802734375,12888.2802734375,12888.2802734375,0
2021-01-04,12694.66015625,12694.66015625,12694.66015625,12694.66015625,0
2021-01-05,12802.3798828125,12802.3798828125,12802.3798828125,12802.3798828125,0
2021-01-06,12623.349609375,12623.349609375,12623.349609375,12623.349609375,0
2021-01-07,12939.5703125,12939.5703125,12939.5703125,12939.5703125,0
2021-01-08,13105.2001953125,13105.2001953125,13105.2001953125,13105.2001953125,0
2021-01-11,12902.490234375,12902.490234375,12902.490234375,12902.490234375,0
2021-01-12,12892.08984375,12892.08984375,12892.08984375,12892.08984375,0
2021-01-13,12973.6298828125,12973.6298828125,12973.6298828125,12973.6298828125,0
2021-01-14,12898.6904296875,12898.6904296875,12898.6904296875,12898.6904296875,0
2021-01-15,12803.9296875,12803.9296875,12803.9296875,12803.9296875,0
2021-01-19,12996.5400390625,12996.5400390625,12996.5400390625,12996.5400390625,0
2021-01-20,13296.4501953125,13296.4501953125,13296.4501953125,13296.4501953125,0
2021-01-21,13404.990234375,13404.990234375,13404.990234375,13404.990234375,0
2021-01-22,13366.400390625,13366.400390625,13366.400390625,13366.400390625,0
2021-01-25,13483.2900390625,13483.2900390625,13483.2900390625,13483.2900390625,0
2021-01-26,13490.1904296875,13490.1904296875,13490.1904296875,13490.1904296875,0
2021-01-27,13112.650390625,13112.650390625,13112.650390625,13112.650390625,0
2021-01-28,13201.5302734375,13201.5302734375,13201.5302734375,13201.5302734375,0
2021-01-29,12925.3798828125,12925.3798828125,12925.3798828125,12925.3798828125,0
2021-02-01,13248.900390625,13248.900390625,13248.900390625,13248.900390625,0
2021-02-02,13456.1201171875,13456.1201171875,13456.1201171875,13456.1201171875,0
2021-02-03,13402.3701171875,13402.3701171875,13402.3701171875,13402.3701171875,0
2021-02-04,13560.8896484375,13560.8896484375,13560.8896484375,13560.8896484375,0
2021-02-05,13603.9599609375,13603.9599609375,13603.9599609375,13603.9599609375,0
2021-02-08,13695.01953125,13695.01953125,13695.01953125,13695.01953125,0
2021-02-09,13687.080078125,13687.080078125,13687.080078125,13687.080078125,0
2021-02-10,13655.26953125,13655.26953125,13655.26953125,13655.26953125,0
2021-02-11,13734.349609375,13734.349609375,13734.349609375,13734.349609375,0
2021-02-12,13807.7001953125,13807.7001953125,13807.7001953125,13807.7001953125,0
2021-02-16,13773.76953125,13773.76953125,13773.76953125,13773.76953125,0
2021-02-17,13699.7099609375,13699.7099609375,13699.7099609375,13699.7099609375,0
2021-02-18,13637.509765625,13637.509765625,13637.509765625,13637.509765625,0
2021-02-19,13580.7802734375,13580.7802734375,13580.7802734375,13580.7802734375,0
2021-02-22,13223.740234375,13223.740234375,13223.740234375,13223.740234375,0
2021-02-23,13194.7099609375,13194.7099609375,13194.7099609375,13194.7099609375,0
2021-02-24,13302.1904296875,13302.1904296875,13302.1904296875,13302.1904296875,0
2021-02-25,12828.3095703125,12828.3095703125,12828.3095703125,12828.3095703125,0
2021-02-26,12909.4404296875,12909.4404296875,12909.4404296875,12909.4404296875,0
2021-03-01,13282.9501953125,13282.9501953125,13282.9501953125,13282.9501953125,0
2021-03-02,13059.9501953125,13059.9501953125,13059.9501953125,13059.9501953125,0
2021-03-03,12683.330078125,12683.330078125,12683.330078125,12683.330078125,0
2021-03-04,12464.0,12464.0,12464.0,12464.0,0
2021-03-05,12668.509765625,12668.509765625,12668.509765625,12668.509765625,0
2021-03-08,12299.080078125,12299.080078125,12299.080078125,12299.080078125,0
2021-03-09,12794.490234375,12794.490234375,12794.490234375,12794.490234375,0
2021-03-10,12752.0703125,12752.0703125,12752.0703125,12752.0703125,0
2021-03-11,13052.900390625,13052.900390625,13052.900390625,13052.900390625,0
2021-03-15,13082.5400390625,13082.5400390625,13082.5400390625,13082.5400390625,0
2021-03-16,13152.2802734375,13152.2802734375,13152.2802734375,13152.2802734375,0
2021-03-17,13202.3798828125,13202.3798828125,13202.3798828125,13202.3798828125,0
2021-03-19,12866.990234375,12866.990234375,12866.990234375,12866.990234375,0
2021-03-22,13086.509765625,13086.509765625,13086.509765625,13086.509765625,0
2021-03-23,13017.7900390625,13017.7900390625,13017.7900390625,13017.7900390625,0
2021-03-24,12798.8798828125,12798.8798828125,12798.8798828125,12798.8798828125,0
2021-03-25,12780.509765625,12780.509765625,12780.509765625,12780.509765625,0
2021-03-26,12979.1201171875,12979.1201171875,12979.1201171875,12979.1201171875,0
2021-03-29,12965.740234375,12965.740234375,12965.740234375,12965.740234375,0
2021-03-30,12896.5302734375,12896.5302734375,12896.5302734375,12896.5302734375,0
2021-03-31,13091.4404296875,13091.4404296875,13091.4404296875,13091.4404296875,0
2021-04-05,13598.16015625,13598.16015625,13598.16015625,13598.16015625,0
2021-04-06,13578.4599609375,13578.4599609375,13578.4599609375,13578.4599609375,0
2021-04-07,13616.7001953125,13616.7001953125,13616.7001953125,13616.7001953125,0
2021-04-08,13758.509765625,13758.509765625,13758.509765625,13758.509765625,0
2021-04-09,13845.0498046875,13845.0498046875,13845.0498046875,13845.0498046875,0
2021-04-12,13819.349609375,13819.349609375,13819.349609375,13819.349609375,0
2021-04-13,13986.490234375,13986.490234375,13986.490234375,13986.490234375,0
2021-04-14,13803.91015625,13803.91015625,13803.91015625,13803.91015625,0
2021-04-15,14026.1904296875,14026.1904296875,14026.1904296875,14026.1904296875,0
2021-04-16,14041.91015625,14041.91015625,14041.91015625,14041.91015625,0
2021-04-19,13907.669921875,13907.669921875,13907.669921875,13907.669921875,0
2021-04-20,13809.2998046875,13809.2998046875,13809.2998046875,13809.2998046875,0
2021-04-21,13935.150390625,13935.150390625,13935.150390625,13935.150390625,0
2021-04-22,13762.3603515625,13762.3603515625,13762.3603515625,13762.3603515625,0
2021-04-23,13941.4404296875,13941.4404296875,13941.4404296875,13941.4404296875,0
2021-04-26,14026.16015625,14026.16015625,14026.16015625,14026.16015625,0
2021-04-27,13960.2802734375,13960.2802734375,13960.2802734375,13960.2802734375,0
2021-04-28,13901.6201171875,13901.6201171875,13901.6201171875,13901.6201171875,0
2021-04-29,13970.2001953125,13970.2001953125,13970.2001953125,13970.2001953125,0
2021-04-30,13860.759765625,13860.759765625,13860.759765625,13860.759765625,0
2021-05-03,13799.7197265625,13799.7197265625,13799.7197265625,13799.7197265625,0
2021-05-04,13544.669921875,13544.669921875,13544.669921875,13544.669921875,0
2021-05-05,13503.3701171875,13503.3701171875,13503.3701171875,13503.3701171875,0
2021-05-06,13613.73046875,13613.73046875,13613.73046875,13613.73046875,0
2021-05-07,13719.6298828125,13719.6298828125,13719.6298828125,13719.6298828125,0
2021-05-10,13359.080078125,13359.080078125,13359.080078125,13359.080078125,0
2021-05-11,13351.26953125,13351.26953125,13351.26953125,13351.26953125,0
2021-05-12,13001.6298828125,13001.6298828125,13001.6298828125,13001.6298828125,0
2021-05-13,13109.150390625,13109.150390625,13109.150390625,13109.150390625,0
2021-05-14,13393.1201171875,13393.1201171875,13393.1201171875,13393.1201171875,0
2021-05-17,13312.91015625,13312.91015625,13312.91015625,13312.91015625,0
2021-05-18,13217.6796875,13217.6796875,13217.6796875,13217.6796875,0
2021-05-19,13237.91015625,13237.91015625,13237.91015625,13237.91015625,0
2021-05-20,13494.08984375,13494.08984375,13494.08984375,13494.08984375,0
2021-05-21,13411.740234375,13411.740234375,13411.740234375,13411.740234375,0
2021-05-24,13641.75,13641.75,13641.75,13641.75,0
2021-05-25,13657.73046875,13657.73046875,13657.73046875,13657.73046875,0
2021-05-26,13702.740234375,13702.740234375,13702.740234375,13702.740234375,0
2021-05-27,13657.849609375,13657.849609375,13657.849609375,13657.849609375,0
2021-05-28,13686.509765625,13686.509765625,13686.509765625,13686.509765625,0
2021-06-01,13654.58984375,13654.58984375,13654.58984375,13654.58984375,0
2021-06-02,13675.7900390625,13675.7900390625,13675.7900390625,13675.7900390625,0
2021-06-03,13529.6796875,13529.6796875,13529.6796875,13529.6796875,0
2021-06-04,13770.76953125,13770.76953125,13770.76953125,13770.76953125,0
2021-06-07,13802.8896484375,13802.8896484375,13802.8896484375,13802.8896484375,0
2021-06-08,13810.8603515625,13810.8603515625,13810.8603515625,13810.8603515625,0
2021-06-09,13814.9404296875,13814.9404296875,13814.9404296875,13814.9404296875,0
2021-06-10,13960.349609375,13960.349609375,13960.349609375,13960.349609375,0
2021-06-11,13998.2998046875,13998.2998046875,13998.2998046875,13998.2998046875,0
2021-06-14,14128.2001953125,14128.2001953125,14128.2001953125,14128.2001953125,0
2021-06-15,14030.41015625,14030.41015625,14030.41015625,14030.41015625,0
2021-06-16,13983.009765625,13983.009765625,13983.009765625,13983.009765625,0
2021-06-17,14163.8095703125,14163.8095703125,14163.8095703125,14163.8095703125,0
2021-06-18,14049.580078125,14049.580078125,14049.580078125,14049.580078125,0
2021-06-21,14137.23046875,14137.23046875,14137.23046875,14137.23046875,0
2021-06-22,14270.419921875,14270.419921875,14270.419921875,14270.419921875,0
2021-06-23,14274.240234375,14274.240234375,14274.240234375,14274.240234375,0
2021-06-24,14365.9599609375,14365.9599609375,14365.9599609375,14365.9599609375,0
2021-06-25,14345.1796875,14345.1796875,14345.1796875,14345.1796875,0
2021-06-28,14524.98046875,14524.98046875,14524.98046875,14524.98046875,0
2021-06-29,14572.75,14572.75,14572.75,14572.75,0
2021-06-30,14554.7998046875,14554.7998046875,14554.7998046875,14554.7998046875,0
2021-07-01,14560.0498046875,14560.0498046875,14560.0498046875,14560.0498046875,0
2021-07-02,14727.6298828125,14727.6298828125,14727.6298828125,14727.6298828125,0
2021-07-06,14786.3603515625,14786.3603515625,14786.3603515625,14786.3603515625,0
2021-07-07,14810.5400390625,14810.5400390625,14810.5400390625,14810.5400390625,0
2021-07-08,14722.1396484375,14722.1396484375,14722.1396484375,14722.1396484375,0
2021-07-09,14826.08984375,14826.08984375,14826.08984375,14826.08984375,0
2021-07-12,14877.8896484375,14877.8896484375,14877.8896484375,14877.8896484375,0
2021-07-13,14874.5400390625,14874.5400390625,14874.5400390625,14874.5400390625,0
2021-07-15,14794.6904296875,14794.6904296875,14794.6904296875,14794.6904296875,0
2021-07-16,14681.3798828125,14681.3798828125,14681.3798828125,14681.3798828125,0
2021-07-19,14549.08984375,14549.08984375,14549.08984375,14549.08984375,0
2021-07-20,14728.2099609375,14728.2099609375,14728.2099609375,14728.2099609375,0
2021-07-21,14842.6298828125,14842.6298828125,14842.6298828125,14842.6298828125,0
2021-07-22,14940.169921875,14940.169921875,14940.169921875,14940.169921875,0
2021-07-23,15111.7900390625,15111.7900390625,15111.7900390625,15111.7900390625,0
2021-07-26,15125.9501953125,15125.9501953125,15125.9501953125,15125.9501953125,0
2021-07-27,14956.9697265625,14956.9697265625,14956.9697265625,14956.9697265625,0
2021-07-28,15018.099609375,15018.099609375,15018.099609375,15018.099609375,0
2021-07-29,15048.3603515625,15048.3603515625,15048.3603515625,15048.3603515625,0
2021-07-30,14959.900390625,14959.900390625,14959.900390625,14959.900390625,0
2021-08-02,14963.6201171875,14963.6201171875,14963.6201171875,14963.6201171875,0
2021-08-03,15061.419921875,15061.419921875,15061.419921875,15061.419921875,0
2021-08-04,15083.3896484375,15083.3896484375,15083.3896484375,15083.3896484375,0
2021-08-05,15181.6396484375,15181.6396484375,15181.6396484375,15181.6396484375,0
2021-08-06,15109.3603515625,15109.3603515625,15109.3603515625,15109.3603515625,0
2021-08-09,15133.1103515625,15133.1103515625,15133.1103515625,15133.1103515625,0
2021-08-10,15053.580078125,15053.580078125,15053.580078125,15053.580078125,0
2021-08-11,15027.759765625,15027.759765625,15027.759765625,15027.759765625,0
2021-08-12,15088.98046875,15088.98046875,15088.98046875,15088.98046875,0
2021-08-16,15140.76953125,15140.76953125,15140.76953125,15140.76953125,0
2021-08-17,15002.830078125,15002.830078125,15002.830078125,15002.830078125,0
2021-08-18,14857.919921875,14857.919921875,14857.919921875,14857.919921875,0
2021-08-19,14933.9404296875,14933.9404296875,14933.9404296875,14933.9404296875,0
2021-08-20,15092.5703125,15092.5703125,15092.5703125,15092.5703125,0
2021-08-23,15312.8203125,15312.8203125,15312.8203125,15312.8203125,0
2021-08-25,15368.919921875,15368.919921875,15368.919921875,15368.919921875,0
2021-08-26,15278.51953125,15278.51953125,15278.51953125,15278.51953125,0
2021-08-27,15432.9501953125,15432.9501953125,15432.9501953125,15432.9501953125,0
2021-08-30,15605.08984375,15605.08984375,15605.08984375,15605.08984375,0
2021-08-31,15582.509765625,15582.509765625,15582.509765625,15582.509765625,0
2021-09-01,15611.5703125,15611.5703125,15611.5703125,15611.5703125,0
2021-09-02,15604.25,15604.25,15604.25,15604.25,0
2021-09-03,15652.8603515625,15652.8603515625,15652.8603515625,15652.8603515625,0
2021-09-07,15675.759765625,15675.759765625,15675.759765625,15675.759765625,0
2021-09-09,15561.0498046875,15561.0498046875,15561.0498046875,15561.0498046875,0
2021-09-10,15440.75,15440.75,15440.75,15440.75,0
2021-09-13,15434.5,15434.5,15434.5,15434.5,0
2021-09-14,15382.900390625,15382.900390625,15382.900390625,15382.900390625,0
2021-09-15,15503.5302734375,15503.5302734375,15503.5302734375,15503.5302734375,0
2021-09-16,15515.91015625,15515.91015625,15515.91015625,15515.91015625,0
2021-09-17,15333.4697265625,15333.4697265625,15333.4697265625,15333.4697265625,0
2021-09-20,15012.1904296875,15012.1904296875,15012.1904296875,15012.1904296875,0
2021-09-21,15027.76953125,15027.76953125,15027.76953125,15027.76953125,0
2021-09-22,15176.509765625,15176.509765625,15176.509765625,15176.509765625,0
2021-09-23,15316.580078125,15316.580078125,15316.580078125,15316.580078125,0
2021-09-24,15329.6796875,15329.6796875,15329.6796875,15329.6796875,0
2021-09-27,15204.8203125,15204.8203125,15204.8203125,15204.8203125,0
2021-09-28,14770.2998046875,14770.2998046875,14770.2998046875,14770.2998046875,0
2021-09-29,14752.8896484375,14752.8896484375,14752.8896484375,14752.8896484375,0
2021-09-30,14689.6201171875,14689.6201171875,14689.6201171875,14689.6201171875,0
2021-10-01,14791.8701171875,14791.8701171875,14791.8701171875,14791.8701171875,0
2021-10-04,14472.1201171875,14472.1201171875,14472.1201171875,14472.1201171875,0
2021-10-05,14674.150390625,14674.150390625,14674.150390625,14674.150390625,0
2021-10-06,14766.75,14766.75,14766.75,14766.75,0
2021-10-07,14897.1298828125,14897.1298828125,14897.1298828125,14897.1298828125,0
2021-10-08,14820.75,14820.75,14820.75,14820.75,0
2021-10-11,14713.73046875,14713.73046875,14713.73046875,14713.73046875,0
2021-10-12,14662.1103515625,14662.1103515625,14662.1103515625,14662.1103515625,0
2021-10-13,14774.599609375,14774.599609375,14774.599609375,14774.599609375,0
2021-10-14,15052.419921875,15052.419921875,15052.419921875,15052.419921875,0
2021-10-15,15146.919921875,15146.919921875,15146.919921875,15146.919921875,0
2021-10-18,15300.8896484375,15300.8896484375,15300.8896484375,15300.8896484375,0
2021-10-19,15410.7197265625,15410.7197265625,15410.7197265625,15410.7197265625,0
2021-10-20,15388.7099609375,15388.7099609375,15388.7099609375,15388.7099609375,0
2021-10-21,15489.58984375,15489.58984375,15489.58984375,15489.58984375,0
2021-10-22,15355.0703125,15355.0703125,15355.0703125,15355.0703125,0
2021-10-25,15514.1904296875,15514.1904296875,15514.1904296875,15514.1904296875,0
2021-10-26,15559.490234375,15559.490234375,15559.490234375,15559.490234375,0
2021-10-27,15598.3896484375,15598.3896484375,15598.3896484375,15598.3896484375,0
2021-10-28,15778.16015625,15778.16015625,15778.16015625,15778.16015625,0
2021-10-29,15850.4697265625,15850.4697265625,15850.4697265625,15850.4697265625,0
2021-11-02,15972.490234375,15972.490234375,15972.490234375,15972.490234375,0
2021-11-03,16144.5,16144.5,16144.5,16144.5,0
2021-11-04,16346.240234375,16346.240234375,16346.240234375,16346.240234375,0
2021-11-05,16359.3798828125,16359.3798828125,16359.3798828125,16359.3798828125,0
2021-11-08,16336.0302734375,16336.0302734375,16336.0302734375,16336.0302734375,0
2021-11-09,16219.9404296875,16219.9404296875,16219.9404296875,16219.9404296875,0
2021-11-10,15985.5703125,15985.5703125,15985.5703125,15985.5703125,0
2021-11-11,16032.4697265625,16032.4697265625,16032.4697265625,16032.4697265625,0
2021-11-12,16199.8896484375,16199.8896484375,16199.8896484375,16199.8896484375,0
2021-11-15,16189.1201171875,16189.1201171875,16189.1201171875,16189.1201171875,0
2021-11-16,16309.76953125,16309.76953125,16309.76953125,16309.76953125,0
2021-11-17,16308.0703125,16308.0703125,16308.0703125,16308.0703125,0
2021-11-18,16482.970703125,16482.970703125,16482.970703125,16482.970703125,0
2021-11-19,16573.33984375,16573.33984375,16573.33984375,16573.33984375,0
2021-11-22,16380.98046875,16380.98046875,16380.98046875,16380.98046875,0
2021-11-23,16306.7197265625,16306.7197265625,16306.7197265625,16306.7197265625,0
2021-11-26,16025.580078125,16025.580078125,16025.580078125,16025.580078125,0
2021-11-29,16399.240234375,16399.240234375,16399.240234375,16399.240234375,0
2021-11-30,16135.919921875,16135.919921875,16135.919921875,16135.919921875,0
2021-12-01,15877.7197265625,15877.7197265625,15877.7197265625,15877.7197265625,0
2021-12-02,15990.759765625,15990.759765625,15990.759765625,15990.759765625,0
2021-12-03,15712.0400390625,15712.0400390625,15712.0400390625,15712.0400390625,0
2021-12-06,15846.16015625,15846.16015625,15846.16015625,15846.16015625,0
2021-12-08,16394.33984375,16394.33984375,16394.33984375,16394.33984375,0
2021-12-09,16149.5703125,16149.5703125,16149.5703125,16149.5703125,0
2021-12-10,16331.98046875,16331.98046875,16331.98046875,16331.98046875,0
2021-12-13,16082.5498046875,16082.5498046875,16082.5498046875,16082.5498046875,0
2021-12-14,15914.900390625,15914.900390625,15914.900390625,15914.900390625,0
2021-12-15,16289.58984375,16289.58984375,16289.58984375,16289.58984375,0
2021-12-16,15863.9404296875,15863.9404296875,15863.9404296875,15863.9404296875,0
2021-12-17,15801.4599609375,15801.4599609375,15801.4599609375,15801.4599609375,0
2021-12-20,15627.6396484375,15627.6396484375,15627.6396484375,15627.6396484375,0
2021-12-21,15986.2802734375,15986.2802734375,15986.2802734375,15986.2802734375,0
2021-12-22,16180.1396484375,16180.1396484375,16180.1396484375,16180.1396484375,0
2021-12-23,16308.2099609375,16308.2099609375,16308.2099609375,16308.2099609375,0
2021-12-27,16567.5,16567.5,16567.5,16567.5,0
2021-12-28,16488.66015625,16488.66015625,16488.66015625,16488.66015625,0
2021-12-29,16491.009765625,16491.009765625,16491.009765625,16491.009765625,0
2021-12-30,16429.099609375,16429.099609375,16429.099609375,16429.099609375,0
2021-12-31,16320.080078125,16320.080078125,16320.080078125,16320.080078125,0
2022-01-03,16501.76953125,16501.76953125,16501.76953125,16501.76953125,0
2022-01-04,16279.73046875,16279.73046875,16279.73046875,16279.73046875,0
2022-01-05,15771.7802734375,15771.7802734375,15771.7802734375,15771.7802734375,0
2022-01-06,15765.3603515625,15765.3603515625,15765.3603515625,15765.3603515625,0
2022-01-07,15592.1904296875,15592.1904296875,15592.1904296875,15592.1904296875,0
2022-01-10,15614.4296875,15614.4296875,15614.4296875,15614.4296875,0
2022-01-11,15844.1201171875,15844.1201171875,15844.1201171875,15844.1201171875,0
2022-01-12,15905.099609375,15905.099609375,15905.099609375,15905.099609375,0
2022-01-13,15495.6201171875,15495.6201171875,15495.6201171875,15495.6201171875,0
2022-01-14,15611.58984375,15611.58984375,15611.58984375,15611.58984375,0
2022-01-18,15210.759765625,15210.759765625,15210.759765625,15210.759765625,0
2022-01-19,15047.83984375,15047.83984375,15047.83984375,15047.83984375,0
2022-01-20,14846.4599609375,14846.4599609375,14846.4599609375,14846.4599609375,0
2022-01-21,14438.400390625,14438.400390625,14438.400390625,14438.400390625,0
2022-01-24,14509.580078125,14509.580078125,14509.580078125,14509.580078125,0
2022-01-25,14149.1201171875,14149.1201171875,14149.1201171875,14149.1201171875,0
2022-01-26,14172.759765625,14172.759765625,14172.759765625,14172.759765625,0
2022-01-27,14003.1103515625,14003.1103515625,14003.1103515625,14003.1103515625,0
2022-01-28,14454.6103515625,14454.6103515625,14454.6103515625,14454.6103515625,0
2022-01-31,14930.0498046875,14930.0498046875,14930.0498046875,14930.0498046875,0
2022-02-01,15019.6796875,15019.6796875,15019.6796875,15019.6796875,0
2022-02-02,15139.740234375,15139.740234375,15139.740234375,15139.740234375,0
2022-02-03,14501.1103515625,14501.1103515625,14501.1103515625,14501.1103515625,0
2022-02-04,14694.349609375,14694.349609375,14694.349609375,14694.349609375,0
2022-02-07,14571.25,14571.25,14571.25,14571.25,0
2022-02-08,14747.0302734375,14747.0302734375,14747.0302734375,14747.0302734375,0
2022-02-09,15056.9599609375,15056.9599609375,15056.9599609375,15056.9599609375,0
2022-02-10,14705.6396484375,14705.6396484375,14705.6396484375,14705.6396484375,0
2022-02-11,14253.83984375,14253.83984375,14253.83984375,14253.83984375,0
2022-02-14,14268.58984375,14268.58984375,14268.58984375,14268.58984375,0
2022-02-15,14620.8203125,14620.8203125,14620.8203125,14620.8203125,0
2022-02-16,14603.6396484375,14603.6396484375,14603.6396484375,14603.6396484375,0
2022-02-17,14171.740234375,14171.740234375,14171.740234375,14171.740234375,0
2022-02-18,14009.5400390625,14009.5400390625,14009.5400390625,14009.5400390625,0
2022-02-22,13870.5302734375,13870.5302734375,13870.5302734375,13870.5302734375,0
2022-02-23,13509.4296875,13509.4296875,13509.4296875,13509.4296875,0
2022-02-24,13974.669921875,13974.669921875,13974.669921875,13974.669921875,0
2022-02-25,14189.16015625,14189.16015625,14189.16015625,14189.16015625,0
2022-02-28,14237.8095703125,14237.8095703125,14237.8095703125,14237.8095703125,0
2022-03-01,14005.990234375,14005.990234375,14005.990234375,14005.990234375,0
2022-03-02,14243.6904296875,14243.6904296875,14243.6904296875,14243.6904296875,0
2022-03-03,14035.2099609375,14035.2099609375,14035.2099609375,14035.2099609375,0
2022-03-04,13837.830078125,13837.830078125,13837.830078125,13837.830078125,0
2022-03-07,13319.3798828125,13319.3798828125,13319.3798828125,13319.3798828125,0
2022-03-08,13267.599609375,13267.599609375,13267.599609375,13267.599609375,0
2022-03-09,13742.2001953125,13742.2001953125,13742.2001953125,13742.2001953125,0
2022-03-10,13591.0,13591.0,13591.0,13591.0,0
2022-03-14,13046.6396484375,13046.6396484375,13046.6396484375,13046.6396484375,0
2022-03-16,13956.7900390625,13956.7900390625,13956.7900390625,13956.7900390625,0
2022-03-17,14118.599609375,14118.599609375,14118.599609375,14118.599609375,0
2022-03-18,14420.080078125,14420.080078125,14420.080078125,14420.080078125,0
2022-03-21,14376.08984375,14376.08984375,14376.08984375,14376.08984375,0
2022-03-22,14654.330078125,14654.330078125,14654.330078125,14654.330078125,0
2022-03-23,14447.5498046875,14447.5498046875,14447.5498046875,14447.5498046875,0
2022-03-24,14765.6904296875,14765.6904296875,14765.6904296875,14765.6904296875,0
2022-03-25,14754.3095703125,14754.3095703125,14754.3095703125,14754.3095703125,0
2022-03-28,14987.400390625,14987.400390625,14987.400390625,14987.400390625,0
2022-03-29,15239.3203125,15239.3203125,15239.3203125,15239.3203125,0
2022-03-30,15071.5498046875,15071.5498046875,15071.5498046875,15071.5498046875,0
2022-03-31,14838.490234375,14838.490234375,14838.490234375,14838.490234375,0
2022-04-01,14861.2099609375,14861.2099609375,14861.2099609375,14861.2099609375,0
2022-04-04,15159.580078125,15159.580078125,15159.580078125,15159.580078125,0
2022-04-05,14820.6396484375,14820.6396484375,14820.6396484375,14820.6396484375,0
2022-04-06,14498.8798828125,14498.8798828125,14498.8798828125,14498.8798828125,0
2022-04-07,14531.8095703125,14531.8095703125,14531.8095703125,14531.8095703125,0
2022-04-08,14327.259765625,14327.259765625,14327.259765625,14327.259765625,0
2022-04-11,13990.2099609375,13990.2099609375,13990.2099609375,13990.2099609375,0
2022-04-12,13940.240234375,13940.240234375,13940.240234375,13940.240234375,0
2022-04-13,14217.2900390625,14217.2900390625,14217.2900390625,14217.2900390625,0
2022-04-14,13893.2099609375,13893.2099609375,13893.2099609375,13893.2099609375,0
2022-04-18,13910.759765625,13910.759765625,13910.759765625,13910.759765625,0
2022-04-19,14210.259765625,14210.259765625,14210.259765625,14210.259765625,0
2022-04-20,13998.5302734375,13998.5302734375,13998.5302734375,13998.5302734375,0
2022-04-21,13720.4501953125,13720.4501953125,13720.4501953125,13720.4501953125,0
2022-04-22,13356.8701171875,13356.8701171875,13356.8701171875,13356.8701171875,0
2022-04-25,13533.2197265625,13533.2197265625,13533.2197265625,13533.2197265625,0
2022-04-26,13009.7099609375,13009.7099609375,13009.7099609375,13009.7099609375,0
2022-04-27,13003.3603515625,13003.3603515625,13003.3603515625,13003.3603515625,0
2022-04-28,13456.0595703125,13456.0595703125,13456.0595703125,13456.0595703125,0
2022-04-29,12854.7998046875,12854.7998046875,12854.7998046875,12854.7998046875,0
2022-05-02,13075.849609375,13075.849609375,13075.849609375,13075.849609375,0
2022-05-03,13089.900390625,13089.900390625,13089.900390625,13089.900390625,0
2022-05-04,13535.7099609375,13535.7099609375,13535.7099609375,13535.7099609375,0
2022-05-05,12850.5498046875,12850.5498046875,12850.5498046875,12850.5498046875,0
2022-05-06,12693.5302734375,12693.5302734375,12693.5302734375,12693.5302734375,0
2022-05-09,12187.7197265625,12187.7197265625,12187.7197265625,12187.7197265625,0
2022-05-10,12345.8603515625,12345.8603515625,12345.8603515625,12345.8603515625,0
2022-05-12,11945.5,11945.5,11945.5,11945.5,0
2022-05-16,12243.580078125,12243.580078125,12243.580078125,12243.580078125,0
2022-05-17,12564.099609375,12564.099609375,12564.099609375,12564.099609375,0
2022-05-18,11928.3095703125,11928.3095703125,11928.3095703125,11928.3095703125,0
2022-05-19,11875.6298828125,11875.6298828125,11875.6298828125,11875.6298828125,0
2022-05-20,11835.6201171875,11835.6201171875,11835.6201171875,11835.6201171875,0
2022-05-23,12034.2802734375,12034.2802734375,12034.2802734375,12034.2802734375,0
2022-05-24,11769.83984375,11769.83984375,11769.83984375,11769.83984375,0
2022-05-25,11943.9296875,11943.9296875,11943.9296875,11943.9296875,0
2022-05-26,12276.7900390625,12276.7900390625,12276.7900390625,12276.7900390625,0
2022-05-27,12681.419921875,12681.419921875,12681.419921875,12681.419921875,0
2022-05-31,12642.099609375,12642.099609375,12642.099609375,12642.099609375,0
2022-06-01,12548.3603515625,12548.3603515625,12548.3603515625,12548.3603515625,0
2022-06-02,12892.8896484375,12892.8896484375,12892.8896484375,12892.8896484375,0
2022-06-03,12548.0302734375,12548.0302734375,12548.0302734375,12548.0302734375,0
2022-06-06,12599.6298828125,12599.6298828125,12599.6298828125,12599.6298828125,0
2022-06-07,12711.6796875,12711.6796875,12711.6796875,12711.6796875,0
2022-06-08,12615.1298828125,12615.1298828125,12615.1298828125,12615.1298828125,0
2022-06-09,12269.7802734375,12269.7802734375,12269.7802734375,12269.7802734375,0
2022-06-13,11288.3203125,11288.3203125,11288.3203125,11288.3203125,0
2022-06-14,11311.6904296875,11311.6904296875,11311.6904296875,11311.6904296875,0
2022-06-15,11593.76953125,11593.76953125,11593.76953125,11593.76953125,0
2022-06-16,11127.5703125,11127.5703125,11127.5703125,11127.5703125,0
2022-06-17,11265.990234375,11265.990234375,11265.990234375,11265.990234375,0
2022-06-21,11546.759765625,11546.759765625,11546.759765625,11546.759765625,0
2022-06-22,11527.7099609375,11527.7099609375,11527.7099609375,11527.7099609375,0
2022-06-23,11697.6796875,11697.6796875,11697.6796875,11697.6796875,0
2022-06-27,12008.240234375,12008.240234375,12008.240234375,12008.240234375,0
2022-06-28,11637.76953125,11637.76953125,11637.76953125,11637.76953125,0
2022-06-29,11658.259765625,11658.259765625,11658.259765625,11658.259765625,0
2022-06-30,11503.7197265625,11503.7197265625,11503.7197265625,11503.7197265625,0
2022-07-05,11779.900390625,11779.900390625,11779.900390625,11779.900390625,0
2022-07-06,11852.58984375,11852.58984375,11852.58984375,11852.58984375,0
2022-07-07,12109.0498046875,12109.0498046875,12109.0498046875,12109.0498046875,0
2022-07-08,12125.6904296875,12125.6904296875,12125.6904296875,12125.6904296875,0
2022-07-11,11860.2802734375,11860.2802734375,11860.2802734375,11860.2802734375,0
2022-07-12,11744.990234375,11744.990234375,11744.990234375,11744.990234375,0
2022-07-13,11728.5302734375,11728.5302734375,11728.5302734375,11728.5302734375,0
2022-07-14,11768.400390625,11768.400390625,11768.400390625,11768.400390625,0
2022-07-15,11983.6201171875,11983.6201171875,11983.6201171875,11983.6201171875,0
2022-07-18,11877.5,11877.5,11877.5,11877.5,0
2022-07-19,12249.419921875,12249.419921875,12249.419921875,12249.419921875,0
2022-07-20,12439.6796875,12439.6796875,12439.6796875,12439.6796875,0
2022-07-21,12619.41015625,12619.41015625,12619.41015625,12619.41015625,0
2022-07-22,12396.4697265625,12396.4697265625,12396.4697265625,12396.4697265625,0
2022-07-25,12328.41015625,12328.41015625,12328.41015625,12328.41015625,0
2022-07-26,12086.900390625,12086.900390625,12086.900390625,12086.900390625,0
2022-07-27,12601.4697265625,12601.4697265625,12601.4697265625,12601.4697265625,0
2022-07-28,12717.8701171875,12717.8701171875,12717.8701171875,12717.8701171875,0
2022-07-29,12947.9697265625,12947.9697265625,12947.9697265625,12947.9697265625,0
2022-08-01,12940.7802734375,12940.7802734375,12940.7802734375,12940.7802734375,0
2022-08-02,12901.599609375,12901.599609375,12901.599609375,12901.599609375,0
2022-08-03,13253.259765625,13253.259765625,13253.259765625,13253.259765625,0
2022-08-04,13311.0400390625,13311.0400390625,13311.0400390625,13311.0400390625,0
2022-08-05,13207.6904296875,13207.6904296875,13207.6904296875,13207.6904296875,0
2022-08-08,13159.16015625,13159.16015625,13159.16015625,13159.16015625,0
2022-08-09,13008.169921875,13008.169921875,13008.169921875,13008.169921875,0
2022-08-10,13378.3203125,13378.3203125,13378.3203125,13378.3203125,0
2022-08-11,13291.990234375,13291.990234375,13291.990234375,13291.990234375,0
2022-08-12,13565.8701171875,13565.8701171875,13565.8701171875,13565.8701171875,0
2022-08-15,13667.1796875,13667.1796875,13667.1796875,13667.1796875,0
2022-08-16,13635.2099609375,13635.2099609375,13635.2099609375,13635.2099609375,0
2022-08-17,13470.8603515625,13470.8603515625,13470.8603515625,13470.8603515625,0
2022-08-18,13505.990234375,13505.990234375,13505.990234375,13505.990234375,0
2022-08-19,13242.900390625,13242.900390625,13242.900390625,13242.900390625,0
2022-08-22,12890.5400390625,12890.5400390625,12890.5400390625,12890.5400390625,0
2022-08-23,12881.7900390625,12881.7900390625,12881.7900390625,12881.7900390625,0
2022-08-25,13143.580078125,13143.580078125,13143.580078125,13143.580078125,0
2022-08-29,12484.3203125,12484.3203125,12484.3203125,12484.3203125,0
2022-08-30,12342.7001953125,12342.7001953125,12342.7001953125,12342.7001953125,0
2022-08-31,12272.0302734375,12272.0302734375,12272.0302734375,12272.0302734375,0
2022-09-01,12274.6201171875,12274.6201171875,12274.6201171875,12274.6201171875,0
2022-09-02,12098.4404296875,12098.4404296875,12098.4404296875,12098.4404296875,0
2022-09-06,12011.3095703125,12011.3095703125,12011.3095703125,12011.3095703125,0
2022-09-07,12259.3896484375,12259.3896484375,12259.3896484375,12259.3896484375,0
2022-09-08,12321.1904296875,12321.1904296875,12321.1904296875,12321.1904296875,0
2022-09-09,12588.2900390625,12588.2900390625,12588.2900390625,12588.2900390625,0
2022-09-12,12739.7197265625,12739.7197265625,12739.7197265625,12739.7197265625,0
2022-09-13,12033.6201171875,12033.6201171875,12033.6201171875,12033.6201171875,0
2022-09-14,12134.400390625,12134.400390625,12134.400390625,12134.400390625,0
2022-09-15,11927.490234375,11927.490234375,11927.490234375,11927.490234375,0
2022-09-16,11861.3798828125,11861.3798828125,11861.3798828125,11861.3798828125,0
2022-09-19,11953.26953125,11953.26953125,11953.26953125,11953.26953125,0
2022-09-20,11851.5400390625,11851.5400390625,11851.5400390625,11851.5400390625,0
2022-09-21,11637.7900390625,11637.7900390625,11637.7900390625,11637.7900390625,0
2022-09-22,11501.650390625,11501.650390625,11501.650390625,11501.650390625,0
2022-09-23,11311.240234375,11311.240234375,11311.240234375,11311.240234375,0
2022-09-26,11254.1103515625,11254.1103515625,11254.1103515625,11254.1103515625,0
2022-09-27,11271.75,11271.75,11271.75,11271.75,0
2022-09-28,11493.830078125,11493.830078125,11493.830078125,11493.830078125,0
2022-09-29,11164.7802734375,11164.7802734375,11164.7802734375,11164.7802734375,0
